{"pages":["Denne-Soymilk.png"],"chars":[{"id":102,"index":73,"char":"f","width":10,"height":35,"xoffset":-2,"yoffset":9,"xadvance":6,"chnl":15,"x":0,"y":0,"page":0},{"id":109,"index":80,"char":"m","width":32,"height":16,"xoffset":-3,"yoffset":18,"xadvance":27,"chnl":15,"x":0,"y":36,"page":0},{"id":104,"index":75,"char":"h","width":15,"height":31,"xoffset":-3,"yoffset":3,"xadvance":9,"chnl":15,"x":11,"y":0,"page":0},{"id":106,"index":77,"char":"j","width":14,"height":27,"xoffset":-3,"yoffset":14,"xadvance":8,"chnl":15,"x":27,"y":0,"page":0},{"id":113,"index":84,"char":"q","width":18,"height":27,"xoffset":-2,"yoffset":16,"xadvance":13,"chnl":15,"x":0,"y":53,"page":0},{"id":107,"index":78,"char":"k","width":16,"height":26,"xoffset":-3,"yoffset":11,"xadvance":10,"chnl":15,"x":0,"y":81,"page":0},{"id":108,"index":79,"char":"l","width":12,"height":26,"xoffset":-2,"yoffset":6,"xadvance":8,"chnl":15,"x":0,"y":108,"page":0},{"id":98,"index":69,"char":"b","width":18,"height":25,"xoffset":-2,"yoffset":9,"xadvance":13,"chnl":15,"x":0,"y":135,"page":0},{"id":100,"index":71,"char":"d","width":16,"height":25,"xoffset":-2,"yoffset":6,"xadvance":11,"chnl":15,"x":13,"y":108,"page":0},{"id":103,"index":74,"char":"g","width":14,"height":23,"xoffset":-2,"yoffset":18,"xadvance":10,"chnl":15,"x":17,"y":81,"page":0},{"id":110,"index":81,"char":"n","width":23,"height":12,"xoffset":-3,"yoffset":19,"xadvance":18,"chnl":15,"x":19,"y":53,"page":0},{"id":119,"index":90,"char":"w","width":22,"height":14,"xoffset":-3,"yoffset":20,"xadvance":17,"chnl":15,"x":19,"y":66,"page":0},{"id":112,"index":83,"char":"p","width":12,"height":21,"xoffset":-2,"yoffset":21,"xadvance":7,"chnl":15,"x":33,"y":28,"page":0},{"id":122,"index":93,"char":"z","width":20,"height":21,"xoffset":-3,"yoffset":18,"xadvance":15,"chnl":15,"x":42,"y":0,"page":0},{"id":116,"index":87,"char":"t","width":14,"height":20,"xoffset":-4,"yoffset":10,"xadvance":7,"chnl":15,"x":0,"y":161,"page":0},{"id":121,"index":92,"char":"y","width":15,"height":20,"xoffset":-2,"yoffset":22,"xadvance":10,"chnl":15,"x":0,"y":182,"page":0},{"id":118,"index":89,"char":"v","width":19,"height":15,"xoffset":-2,"yoffset":19,"xadvance":13,"chnl":15,"x":15,"y":161,"page":0},{"id":105,"index":76,"char":"i","width":10,"height":17,"xoffset":-2,"yoffset":13,"xadvance":6,"chnl":15,"x":19,"y":134,"page":0},{"id":117,"index":88,"char":"u","width":17,"height":11,"xoffset":-2,"yoffset":21,"xadvance":12,"chnl":15,"x":0,"y":203,"page":0},{"id":120,"index":91,"char":"x","width":17,"height":12,"xoffset":-3,"yoffset":19,"xadvance":12,"chnl":15,"x":16,"y":177,"page":0},{"id":97,"index":68,"char":"a","width":16,"height":12,"xoffset":-2,"yoffset":19,"xadvance":11,"chnl":15,"x":16,"y":190,"page":0},{"id":114,"index":85,"char":"r","width":16,"height":12,"xoffset":-3,"yoffset":18,"xadvance":11,"chnl":15,"x":0,"y":215,"page":0},{"id":99,"index":70,"char":"c","width":15,"height":12,"xoffset":-3,"yoffset":18,"xadvance":10,"chnl":15,"x":0,"y":228,"page":0},{"id":111,"index":82,"char":"o","width":14,"height":15,"xoffset":-2,"yoffset":19,"xadvance":9,"chnl":15,"x":0,"y":241,"page":0},{"id":115,"index":86,"char":"s","width":14,"height":14,"xoffset":-2,"yoffset":17,"xadvance":9,"chnl":15,"x":15,"y":241,"page":0},{"id":101,"index":72,"char":"e","width":11,"height":13,"xoffset":-2,"yoffset":18,"xadvance":6,"chnl":15,"x":17,"y":215,"page":0},{"id":32,"index":3,"char":" ","width":0,"height":0,"xoffset":-2,"yoffset":31,"xadvance":10,"chnl":15,"x":13,"y":134,"page":0}],"info":{"face":"Denne-Soymilk","size":42,"bold":0,"italic":0,"charset":["a","b","c","d","e","f","g","h","i","j","k","l","m","n","o","p","q","r","s","t","u","v","w","x","y","z"," "],"unicode":1,"stretchH":100,"smooth":1,"aa":1,"padding":[2,2,2,2],"spacing":[0,0]},"common":{"lineHeight":42,"base":31,"scaleW":256,"scaleH":256,"pages":1,"packed":0,"alphaChnl":0,"redChnl":0,"greenChnl":0,"blueChnl":0},"distanceField":{"fieldType":"msdf","distanceRange":4},"kernings":[]}